CustomerID,Revenue
CUST161,41256.97
CUST293,36205.36
CUST289,35486.69
CUST218,34558.479999999996
CUST264,34500.66
CUST001,34454.67
CUST012,34120.53
CUST173,34004.619999999995
CUST152,33348.92
CUST005,33238.25
